Terry Alexander,Terry,Alexander
Carl L. Anderson,Carl,Anderson
Lucas Atkinson,Lucas,Atkinson
Justin T. Bamberg,Justin,Bamberg
Beth E. Bernstein,Beth,Bernstein
Wendy C. Brawley,Wendy,Brawley
"William ""Bill"" Clyburn",William,Clyburn
Gilda Cobb-Hunter,Gilda,Cobb-Hunter
Chandra E. Dillard,Chandra,Dillard
Kambrell H. Garvin,Kambrell,Garvin
"William ""Bill"" Clyburn",William,Clyburn
Gilda Cobb-Hunter,Gilda,Cobb-Hunter
Chandra E. Dillard,Chandra,Dillard
Kambrell H. Garvin,Kambrell,Garvin
Wendell G. Gilliard,Wendell,Gilliard
"Jerry N. Govan, Jr.",Jerry,Govan
"Christopher R. ""Chris"" Hart",Christopher,Hart
"Jackie E. ""Coach"" Hayes",Jackie,Hayes
Rosalyn D. Henderson-Myers,Rosalyn,Henderson-Myers
"Patricia Moore ""Pat"" Henegan",Patricia,Moore
Lonnie Hosey,Lonnie,Hosey
Leon Howard,Leon,Howard
"Joseph H. Jefferson, Jr.",Joseph,Jefferson
"Jermaine L. Johnson, Sr.",Jermaine,Johnson
Kimberly O. Johnson,Kimberly,Johnson
John Richard C. King,John Richard,King
Roger K. Kirby,Roger,Kirby
Krystle N. Matthews,Krystle,Matthews
Annie E. McDaniel,Annie,McDaniel
Cezar E. McKnight,Cezar,McKnight
JA Moore,JA,Moore
Chardale R. Murray,Chardale,Murray
Russell L. Ott,Russell,Ott
J. Anne Parks,J. Anne,Parks
Marvin R. Pendarvis,Marvin,Pendarvis
"Michael F. Rivers, Sr.",Michael,Rivers
Leola C. Robinson,Leola,Robinson
Seth Rose,Seth,Rose
Todd Rutherford,Todd,Rutherford
"Leonidas E. ""Leon"" Stavrinakis",Leonidas,Stavrinakis
Deon T. Tedder,Deon,Tedder
Ivory Torrey Thigpen,Ivory,Thigpen
J. David Weeks,J. David,Weeks
"Elizabeth ""Spencer"" Wetmore",Elizabeth,Wetmore
"William W. ""Will"" Wheeler, III",William,Wheeler
Robert Q. Williams,Robert,Williams
Shedron D. Williams,Shedron,Williams
Karl B. Allen,Karl,Allen
Mike Fanning,Mike,Fanning
"Richard A. ""Dick"" Harpootlian",Richard,Harpootlian
Brad Hutto,Brad,Hutto
Darrell Jackson,Darrell,Jackson
Kevin L. Johnson ,Kevin,Johnson
Marlon E. Kimpson,Marlon,Kimpson
Gerald Malloy,Gerald,Malloy
Margie Bright Matthews,Margie,Matthews
"Thomas McElveen, III",Thomas,McElveen
Mia S. McLeod,Mia,McLeod
Ronnie A. Sabb,Ronnie,Sabb
"John L. Scott, Jr.",John,Scott
Nikki G. Setzler,Nikki,Setzler
Vernon Stephens,Vernon,Stephens
Kent M. Williams,Kent,Williams